{
  "machineName": "H5P.FreeTextQuestion",
  "title": "Free Text Question",
  "license": "MIT",
  "author": "Joubel",
  "majorVersion": 1,
  "minorVersion": 0,
  "patchVersion": 16,
  "runnable": 0,
  "coreApi": {
    "majorVersion": 1,
    "minorVersion": 13
  },
  "preloadedJs": [
    {
      "path": "h5p-free-text-question.js"
    }
  ],
  "preloadedCss": [
    {
      "path": "h5p-free-text-question.css"
    }
  ],
  "preloadedDependencies": [
    {
      "machineName": "H5P.CKEditor",
      "majorVersion": 1,
      "minorVersion": 0
    },
    {
      "machineName": "FontAwesome",
      "majorVersion": 4,
      "minorVersion": 5
    }
  ]
}