{
  "title": "Questionnaire",
  "description": "Create a questionnaire",
  "majorVersion": 1,
  "minorVersion": 3,
  "patchVersion": 5,
  "runnable": 1,
  "author": "Joubel",
  "license": "MIT",
  "machineName": "H5P.Questionnaire",
  "embedTypes": [
    "iframe"
  ],
  "preloadedJs": [
    {
      "path": "dist/dist.js"
    }
  ],
  "preloadedCss": [
    {
      "path": "dist/styles.css"
    }
  ],
  "preloadedDependencies": [
    {
      "machineName": "H5P.OpenEndedQuestion",
      "majorVersion": 1,
      "minorVersion": 0
    },
    {
      "machineName": "H5P.SimpleMultiChoice",
      "majorVersion": 1,
      "minorVersion": 1
    },
    {
      "machineName": "FontAwesome",
      "majorVersion": 4,
      "minorVersion": 5
    }
  ],
  "editorDependencies": [
    {
      "machineName": "H5PEditor.VerticalTabs",
      "majorVersion": 1,
      "minorVersion": 3
    }
  ]
}
